{"stat.walkOneCm":10602,"stat.leaveGame":4,"stat.craftItem.minecraft.crafting_table":1,"stat.pickup.minecraft.log":4,"stat.jump":139,"stat.fallOneCm":3644,"stat.crouchOneCm":71,"stat.pickup.minecraft.sapling":2,"stat.pickup.minecraft.dirt":10,"stat.useItem.minecraft.dirt":5,"stat.sprintOneCm":8419,"stat.craftItem.minecraft.stick":4,"stat.craftingTableInteraction":1,"stat.craftItem.minecraft.planks":16,"stat.damageTaken":10,"stat.mineBlock.minecraft.log":4,"stat.flyOneCm":20276,"stat.pickup.minecraft.wheat_seeds":1,"stat.mineBlock.minecraft.leaves":2,"stat.playOneMinute":8317,"stat.sneakTime":9,"stat.damageDealt":110,"stat.timeSinceDeath":8317,"stat.mineBlock.minecraft.dirt":10,"stat.useItem.minecraft.crafting_table":1,"stat.craftItem.minecraft.wooden_pickaxe":1,"stat.mineBlock.minecraft.tallgrass":12}